id,Label,subcat1,subcat2,obj1,pb1,obj2,pb2,obj3,pb3,obj4,pb4,obj5,pb5,obj6,pb6,black,red,green,blue,yellow,magenta,cyan,maroon,purple,orange,gray,white,booksDay,price
0811877825,"Goodnight, Goodnight Construction Site Hardcover","Children's Books","Growing Up & Facts of Life",NULL,NULL,NULL,NULL,NULL,NULL,NULL,NULL,NULL,NULL,NULL,NULL,11.8531679673,0.0,0.0,0.0,0.916248606466,0.0,0.0,3.2736436269,5.39065403196,2.74410070606,70.9076551468,4.91452991453,D,9.83
0385373791,"The Maze Runner Trilogy (Maze Runner) Paperback","Teen & Young Adult","Literature & Fiction",book,95.84767818450928,NULL,NULL,NULL,NULL,NULL,NULL,NULL,NULL,NULL,NULL,17.5723983068,0.0283914928763,0.0,0.0,0.109049143093,0.0,0.0,3.00562667768,0.400707206277,0.314242205245,28.6347563494,49.9348286186,E,21.34
0553386697,"The Whole-Brain Child: 12 Revolutionary Strategies to Nurture Your Child's Developing Mind Paperback","Health, Fitness & Dieting","Psychology & Counseling",NULL,NULL,NULL,NULL,NULL,NULL,NULL,NULL,NULL,NULL,NULL,NULL,0.215390062552,3.07152130296,0.00885164640623,0.0,0.0177032928125,0.0,44.5385341674,1.52248318187,0.29800542901,0.359966953853,9.85188245014,40.115661513,E,7.99
0778801314,"Ball Complete Book of Home Preserving Paperback","Cookbooks, Food & Wine","Canning & Preserving",pill_bottle,76.06164813041687,barrel,86.71,NULL,NULL,NULL,NULL,NULL,NULL,NULL,NULL,9.80060748579,1.83470507545,0.0,0.0,3.9045659416,0.0,0.0,33.0932784636,0.338036449148,22.6729374878,17.8522437782,10.5036253184,D,22.83
1476773882,"Conform: Exposing the Truth About Common Core and Public Education (The Control Series) Paperback","Education & Teaching","Schools & Teaching",NULL,NULL,NULL,NULL,NULL,NULL,NULL,NULL,NULL,NULL,NULL,NULL,11.4627964516,2.1785046165,0.0,0.0,0.0,0.0,0.0,0.0362078329612,0.422424717881,0.0633637076821,14.4680465874,71.3686560859,E,8.49
0385738781,"The Death Cure (Maze Runner, Book Three) Paperback","Teen & Young Adult","Literature & Fiction",NULL,NULL,NULL,NULL,NULL,NULL,NULL,NULL,NULL,NULL,NULL,NULL,22.4630249379,0.0,0.0,0.0,3.35744359279,0.0,0.0,0.2132138616,0.178128036273,0.129547662744,59.9994602181,13.6591816906,D,4.99
0061950726,"Orphan Train Paperback","Literature & Fiction","Genre Fiction",cash_machine,9.77054089307785,prison,9.560883045196533,person,90.28235077857971,NULL,NULL,NULL,NULL,NULL,NULL,14.5950258611,0.0,0.0,0.0,1.90106745901,0.0,0.0,12.6967095851,1.5186530208,1.00968416419,64.9279190052,3.35094090459,C,6.99
0736430881,"A Day in the Sun (Disney Frozen) (Pictureback(R)) Paperback","Children's Books","Growing Up & Facts of Life",NULL,NULL,NULL,NULL,NULL,NULL,NULL,NULL,NULL,NULL,NULL,NULL,3.61448688272,0.0,0.0,0.0,6.35730131173,0.0,0.0,0.472608024691,0.0217013888889,2.7572820216,16.6726948302,70.1039255401,E,3.35
0385528205,"The Other Wes Moore: One Name, Two Fates Paperback","Politics & Social Sciences","Social Sciences",unicycle,84.53853130340576,bicycle-built-for-two,9.179724752902985,person,92.84957647323608,car,98.91368746757507,bicycle,87.29029893875122,NULL,NULL,14.4399858374,0.0,0.0,0.0,0.0,0.0,0.0,9.73976159566,0.203587867343,0.0,12.0500413077,63.566623392,E,7.99
0679734775,"The House on Mango Street Paperback","Literature & Fiction","Genre Fiction",barbershop,8.41987282037735,"stop sign",99.46156144142151,NULL,NULL,NULL,NULL,NULL,NULL,NULL,NULL,2.96005392573,24.3457108526,0.0,0.0,1.15178335922,0.0,0.0,4.92072330823,0.0146537323056,23.255473169,32.566454676,10.7851469769,D,5.99
0525426582,"One Plus One: A Novel Hardcover","Literature & Fiction","Dramas & Plays",NULL,NULL,NULL,NULL,NULL,NULL,NULL,NULL,NULL,NULL,NULL,NULL,6.43020594966,0.0,0.0,0.328947368421,70.6864988558,0.0,18.0549199085,0.197368421053,0.00286041189931,0.0972540045767,1.53318077803,2.66876430206,E,10.99
0140501738,"Corduroy Paperback","Children's Books",Animals,tray,8.354950696229935,"teddy bear",96.7910885810852,NULL,NULL,NULL,NULL,NULL,NULL,NULL,NULL,3.38918567601,0.150595247531,0.0,0.0,7.92844347923,0.00713345909358,0.0,2.52524451913,0.854429878097,45.0961431765,39.6477656421,0.401058922372,D,3.85
0385349947,"Lean In: Women, Work, and the Will to Lead Hardcover","Biographies & Memoirs","Professionals & Academics",person,99.57833290100098,NULL,NULL,NULL,NULL,NULL,NULL,NULL,NULL,NULL,NULL,10.9599010261,0.0,0.0,0.0,0.0,0.0,0.0,10.0120078597,0.0,0.0,19.707444873,59.3206462412,D,4.99
0140268863,"The Odyssey Paperback","Literature & Fiction","History & Criticism",rule,8.711465448141098,NULL,NULL,NULL,NULL,NULL,NULL,NULL,NULL,NULL,NULL,0.358518518519,0.484444444444,0.0,0.0,0.0,0.0,0.0,16.2948148148,0.259259259259,42.3377777778,34.1303703704,6.13481481481,E,10.17
0978507517,"Have You Filled a Bucket Today? A Guide to Daily Happiness for Kids Paperback","Children's Books","Growing Up & Facts of Life",person,95.87382078170776,NULL,NULL,NULL,NULL,NULL,NULL,NULL,NULL,NULL,NULL,1.35769308427,0.0,0.00305924534536,0.00795403789793,0.69200129712,0.0,7.95159050166,0.689553900844,0.312654874296,1.35769308427,28.9802311566,58.6475688177,D,12.92
0060256656,"The Giving Tree Hardcover","Children's Books",Classics,NULL,NULL,NULL,NULL,NULL,NULL,NULL,NULL,NULL,NULL,NULL,NULL,8.92547074078,0.0,16.980493855,0.0,0.0,0.0,0.0,0.10598714624,0.0202954109821,0.30894125606,65.9939113767,7.66490021423,E,9.65
0061122416,"The Alchemist Paperback","Literature & Fiction","Genre Fiction",NULL,NULL,NULL,NULL,NULL,NULL,NULL,NULL,NULL,NULL,NULL,NULL,5.61102018549,0.0,0.0,0.00818330605565,0.0109110747409,0.0,0.0,1.21658483361,2.16039279869,0.422804146208,44.601745772,45.9683578833,B,5.99
0310708257,"The Jesus Storybook Bible: Every Story Whispers His Name Hardcover","Children's Books",Religions,NULL,NULL,NULL,NULL,NULL,NULL,NULL,NULL,NULL,NULL,NULL,NULL,3.99571258005,0.00542711386085,0.0,0.0,1.75702811245,0.0,0.263215022251,1.40969282536,0.546781721481,11.5923152068,34.9126234668,45.5172039509,D,5.99
1476751447,"Hard Choices: A Memoir Hardcover","Biographies & Memoirs",Historical,person,99.95181560516357,NULL,NULL,NULL,NULL,NULL,NULL,NULL,NULL,NULL,NULL,33.6713995943,0.0,0.0,0.0,0.00845165652468,0.0,0.0,1.92134324994,0.0225377507325,0.104237097138,46.2530989407,18.0189317106,D,14.99
0874478529,"The Official SAT Study Guide Second Edition 2nd Edition","Test Preparation","College & High School",Band_Aid,80.92166185379028,cash_machine,78.21,NULL,NULL,NULL,NULL,NULL,NULL,NULL,NULL,0.0,0.0,20.7318119423,44.2368737131,0.15013726836,0.0,0.718514070007,0.0,0.0,0.0,13.3128860673,20.8497769389,D,16.34
1476746583,"All the Light We Cannot See Hardcover","Literature & Fiction","Genre Fiction",NULL,NULL,NULL,NULL,NULL,NULL,NULL,NULL,NULL,NULL,NULL,NULL,27.4899626194,0.0,0.0,0.0,0.290737920532,0.0,0.0138446628825,0.016613595459,0.016613595459,0.016613595459,65.8064516129,6.3491623979,C,10.99
076115728X,"Beautiful Oops! Hardcover","Children's Books","Arts, Music & Photography",paintbrush,9.7102552652359,wooden_spoon,8.449040353298187,NULL,NULL,NULL,NULL,NULL,NULL,NULL,NULL,2.4173107418,1.00887762364,0.00749166552211,0.0,56.6045274632,0.00374583276105,1.51081921362,0.35710272322,0.565620746919,10.1000137347,9.08489305647,18.3395971981,D,8.66
0849946158,"Heaven is for Real: A Little Boy's Astounding Story of His Trip to Heaven and Back Paperback",Self-Help,Relationships,person,98.98818135261536,NULL,NULL,NULL,NULL,NULL,NULL,NULL,NULL,NULL,NULL,1.63271511098,0.0,0.0,0.0,77.3426573427,0.0,0.0,1.12800243235,0.0121617512922,10.8878078443,6.36971723928,2.62693827911,C,7.99
067443000X,"Capital in the Twenty First Century Hardcover","Politics & Social Sciences","Politics & Government",NULL,NULL,NULL,NULL,NULL,NULL,NULL,NULL,NULL,NULL,NULL,NULL,2.44600495692,5.56178449192,0.0,0.0,0.0,0.0,0.0,0.687477870884,0.0236043904166,0.309807624218,7.19933907707,83.7719815886,D,19.99
1451193785,"Pocket Medicine: The Massachusetts General Hospital Handbook of Internal Medicine (Pocket Notebook) Fifth Edition Fifth, North American Edition","New, Used & Rental Textbooks","Medicine & Health Sciences",NULL,NULL,NULL,NULL,NULL,NULL,NULL,NULL,NULL,NULL,NULL,NULL,0.149078294774,0.0,0.0,0.0,0.0172013417047,0.0,0.0,0.392763968923,89.3466357043,0.0,3.42306699923,6.67125369112,E,57.6
0316017930,"Outliers: The Story of Success Paperback","Science & Math",Mathematics,NULL,NULL,NULL,NULL,NULL,NULL,NULL,NULL,NULL,NULL,NULL,NULL,0.659229208925,0.0,0.0,0.0,0.0,0.0,0.0,0.0535271579896,0.236646382691,0.0197205318909,4.75264818571,94.2782285328,D,9.99
162157203X,"America: Imagine a World without Her Hardcover","Politics & Social Sciences","Politics & Government",NULL,NULL,NULL,NULL,NULL,NULL,NULL,NULL,NULL,NULL,NULL,NULL,63.9572220895,0.0,0.0,0.0,5.21720669798,0.0,0.0,0.58116392007,0.0,0.10084122814,27.8268715336,2.31669453069,C,9.8
0060555661,"The Intelligent Investor: The Definitive Book on Value Investing. A Book of Practical Counsel (Revised Edition) (Collins Business Essentials) Paperback","Business & Money",Investing,NULL,NULL,NULL,NULL,NULL,NULL,NULL,NULL,NULL,NULL,NULL,NULL,0.0,0.0,0.0,0.0,0.0,0.0,0.0,79.69281946,0.163725668546,0.0,13.2150003898,6.92845448167,D,13.46
014241493X,"Paper Towns Paperback","Teen & Young Adult","Literature & Fiction",NULL,NULL,NULL,NULL,NULL,NULL,NULL,NULL,NULL,NULL,NULL,NULL,2.93641368887,1.066069308,0.0,0.0,0.0,0.0,0.0,10.2450609954,0.0404836446076,0.140343301306,11.2544532009,74.317175861,D,4.99
1594205221,"How Not to Be Wrong: The Power of Mathematical Thinking Hardcover","Science & Math",Mathematics,NULL,NULL,NULL,NULL,NULL,NULL,NULL,NULL,NULL,NULL,NULL,NULL,0.572545733836,0.0,0.365870688451,0.0,0.0,0.0,0.0,0.00837871805614,0.00558581203742,0.0,96.7881580785,2.25946096914,E,12.99
0312542542,"A Pocket Style Manual Sixth Edition",Reference,"Writing, Research & Publishing Guides",NULL,NULL,NULL,NULL,NULL,NULL,NULL,NULL,NULL,NULL,NULL,NULL,0.0204081632653,0.0,0.0,0.0357142857143,0.647959183673,0.0,2.5306122449,0.729591836735,1.96428571429,40.0306122449,18.3979591837,35.6428571429,E,20.25
006232005X,"The Heist: A Novel (Gabriel Allon) Hardcover","Literature & Fiction","Action & Adventure",pretzel,86.31,NULL,NULL,NULL,NULL,NULL,NULL,NULL,NULL,NULL,NULL,57.9827998324,0.0,0.0,0.0,0.00492841477539,0.0,0.00246420738769,5.91163352308,12.2890022424,0.788546364062,14.6102856016,8.4103398142,D,13.99
0763644765,"Potty (Leslie Patricelli board books) Board book","Children's Books","Growing Up & Facts of Life",NULL,NULL,NULL,NULL,NULL,NULL,NULL,NULL,NULL,NULL,NULL,NULL,6.68252595156,0.0,0.0,0.0,0.0,0.0,0.0,0.426518646674,0.26432141484,1.71448481353,82.6905517109,8.22159746251,D,3.76
0307341577,"Dark Places Paperback","Mystery, Thriller & Suspense","Thrillers & Suspense",NULL,NULL,NULL,NULL,NULL,NULL,NULL,NULL,NULL,NULL,NULL,NULL,87.3682355015,0.0,0.0,0.0,0.0,0.0,0.511193372114,0.0211528291909,0.00352547153182,0.0,11.4736471003,0.622245725366,D,4.99
0756634687,"Baby Touch and Feel: Animals Board book","Children's Books","Early Learning",guinea_pig,99.64313507080078,NULL,NULL,NULL,NULL,NULL,NULL,NULL,NULL,NULL,NULL,0.077089115017,0.0,0.0,0.0,0.0,0.0,0.0,1.50709219858,0.00128481858362,0.0,44.3969061569,54.017627711,E,3.45
0805098542,"Killing Jesus (Bill O'Reilly's Killing Series) Hardcover",History,World,NULL,NULL,NULL,NULL,NULL,NULL,NULL,NULL,NULL,NULL,NULL,NULL,0.191475191475,0.879675879676,0.0,0.0,0.0,0.0,0.0,1.42357642358,1.94527694528,0.04995004995,17.6379176379,77.8721278721,D,9.99
0800788036,"Laugh-Out-Loud Jokes for Kids Paperback","Children's Books",Humor,NULL,NULL,NULL,NULL,NULL,NULL,NULL,NULL,NULL,NULL,NULL,NULL,10.6202162222,0.190892237661,0.0,0.0,0.0,0.0,0.0,8.62135423359,0.238615297076,64.6794295259,8.75718140269,6.89231108093,D,2.99
0736430512,"Frozen Little Golden Book (Disney Frozen) Hardcover","Children's Books","Growing Up & Facts of Life",teddy,8.875945955514908,surfboard,85.87285876274109,person,80.01821637153625,NULL,NULL,NULL,NULL,NULL,NULL,1.8819003011,0.0,0.0,0.0,0.0,0.0,0.816884130701,5.72655291625,5.02537080406,0.181220028995,77.3349503736,9.0331214453,A,2.06
0142402516,"Looking for Alaska Paperback","Teen & Young Adult","Literature & Fiction",perfume,8.015824109315872,corkscrew,99.91121888160706,NULL,NULL,NULL,NULL,NULL,NULL,NULL,NULL,74.6484698098,0.0,0.0,0.0,2.72125723739,0.0,0.0,1.17452440033,0.479735318445,2.8811690102,14.7532395919,3.34160463193,B,4.99
0545669936,"Minecraft: Essential Handbook: An Official Mojang Book Hardcover","Children's Books","Activities, Crafts & Games",NULL,NULL,NULL,NULL,NULL,NULL,NULL,NULL,NULL,NULL,NULL,NULL,0.0149357761625,0.0,0.0,0.0,0.0224036642438,0.0,0.0,1.75495369909,0.0,0.0,92.1661854028,6.04152145773,D,7.19
0375858245,"Because of Mr. Terupt Paperback","Children's Books","Growing Up & Facts of Life",ice_cream,9.53758955001831,person,97.09998965263367,NULL,NULL,NULL,NULL,NULL,NULL,NULL,NULL,23.9165246139,0.0,0.0,0.0,0.0,0.0,0.0,18.7070613152,2.05072576063,0.209205020921,38.3335916111,16.7828916783,E,4.56
0399159347,"The Husband's Secret Hardcover","Literature & Fiction","Genre Fiction",NULL,NULL,NULL,NULL,NULL,NULL,NULL,NULL,NULL,NULL,NULL,NULL,3.16693944354,0.0,0.0,0.0,0.0,0.00272776868522,0.0,0.215493726132,0.878341516639,0.0,24.9018003273,70.8346972177,D,9.99
0399255370,"The Day the Crayons Quit Hardcover","Children's Books","Growing Up & Facts of Life",nipple,9.142620116472244,NULL,NULL,NULL,NULL,NULL,NULL,NULL,NULL,NULL,NULL,0.483329547462,0.40635016784,0.145125059943,0.0,1.32757880922,0.0,0.00126195704298,0.141339188814,0.0605739380631,2.14280305898,5.96022311401,89.3314151586,D,8.99
0679809015,"Open the Barn Door (A Chunky Book(R)) Board book","Children's Books","Early Learning",birdhouse,99.99997615814209,NULL,NULL,NULL,NULL,NULL,NULL,NULL,NULL,NULL,NULL,5.82588427528,0.173010380623,0.0804978854287,0.0,3.99245482507,0.0,6.02412533641,4.53070934256,0.0756920415225,12.8760572857,47.9178681276,18.5037004998,E,2.56
0439738199,"May I Please Have a Cookie? (Scholastic Readers, Level 1) Paperback","Children's Books","Growing Up & Facts of Life",teapot,78.7843644618988,frisbee,96.41916155815125,banana,86.04178428649902,NULL,NULL,NULL,NULL,NULL,NULL,8.07685527939,6.4427992244,0.0,0.0,5.64075445091,0.0951877313591,0.0,7.1302661731,11.6816499207,27.7895293496,20.1040014102,13.0389564604,E,2.37
1433805618,"Publication Manual of the American Psychological Association, 6th Edition 6th Edition",Reference,"Writing, Research & Publishing Guides",NULL,NULL,NULL,NULL,NULL,NULL,NULL,NULL,NULL,NULL,NULL,NULL,0.0025311329351,0.0,0.0025311329351,87.3088994634,2.83486888731,0.0,3.59673990078,0.0,0.161992507847,0.0,4.40923357295,1.68320340184,B,24.02
0140177396,"Of Mice and Men Mass Market Paperback","Politics & Social Sciences","Politics & Government",NULL,NULL,NULL,NULL,NULL,NULL,NULL,NULL,NULL,NULL,NULL,NULL,17.005541347,0.0,0.0,0.0,0.15558397272,0.0,0.0,7.3273657289,0.142796248934,0.40494458653,25.7416879795,49.2220801364,D,5.6
0062218336,"Think Like a Freak: The Authors of Freakonomics Offer to Retrain Your Brain Hardcover","Business & Money","Management & Leadership",NULL,NULL,NULL,NULL,NULL,NULL,NULL,NULL,NULL,NULL,NULL,NULL,0.34965034965,0.0,0.0,0.0,0.0999000999001,0.0,0.0,3.2079032079,0.0777000777001,61.5079365079,9.56265956266,25.1942501943,E,14.99
0448437473,"The Night Before First Grade Paperback","Children's Books","Growing Up & Facts of Life",library,9.571143984794617,desk,8.050327748060226,NULL,NULL,NULL,NULL,NULL,NULL,NULL,NULL,3.27964718209,0.103554981604,0.0,0.0,1.05260593065,0.0,1.07088033917,3.40513145391,0.700518993202,3.85711849126,36.1528715187,50.3776711094,E,2.43
0143118757,"Getting to Yes: Negotiating Agreement Without Giving In Paperback",Self-Help,Relationships,NULL,NULL,NULL,NULL,NULL,NULL,NULL,NULL,NULL,NULL,NULL,NULL,4.10126283489,8.91065738227,0.0,0.0,0.162280184114,0.0,0.0,0.321609819426,0.0177032928125,1.982768795,8.53593768441,75.9677800071,E,7.99
031623480X,"Grain Brain: The Surprising Truth about Wheat, Carbs, and Sugar--Your Brain's Silent Killers Hardcover","Health, Fitness & Dieting","Diets & Weight Loss",NULL,NULL,NULL,NULL,NULL,NULL,NULL,NULL,NULL,NULL,NULL,NULL,3.80030685708,0.0,0.0,0.0,0.0,0.0,0.0,2.86203233801,0.0,0.421928478697,12.2919863095,80.6237460168,D,12.99
054568515X,"Minecraft: Redstone Handbook: An Official Mojang Book Hardcover","Children's Books","Activities, Crafts & Games",doormat,9.8589688539505,NULL,NULL,NULL,NULL,NULL,NULL,NULL,NULL,NULL,NULL,0.685587538438,0.0,0.0,0.0,0.831778998841,0.0,0.0,68.0370015627,0.0504108484146,3.23889701064,20.4239552352,6.73236880577,D,4.75
0890425566,"Desk Reference to the Diagnostic Criteria from DSM-5","New, Used & Rental Textbooks","Medicine & Health Sciences",NULL,NULL,NULL,NULL,NULL,NULL,NULL,NULL,NULL,NULL,NULL,NULL,75.5127928317,0.0,0.0,0.0,0.0,0.0,0.0,0.367051711109,17.0139263737,0.248299686926,3.65432365324,3.20360574328,E,17.0
0670024783,"The Invention of Wings Hardcover","Literature & Fiction","Genre Fiction",NULL,NULL,NULL,NULL,NULL,NULL,NULL,NULL,NULL,NULL,NULL,NULL,18.0137844612,0.00854408749146,0.0,0.0,0.00854408749146,0.0,0.0,34.039644566,0.0142401458191,23.7069947596,15.194235589,9.01401230349,D,10.99
0768934400,"The Real ACT (CD) 3rd Edition (Official Act Prep Guide) 3rd Edition","Teen & Young Adult","Education & Reference",NULL,NULL,NULL,NULL,NULL,NULL,NULL,NULL,NULL,NULL,NULL,NULL,10.3363750224,7.33047056719,0.0,0.0,9.21273930936,0.0,0.0,41.2882447665,0.0787260690642,0.334585793523,2.95222758991,28.4666308821,D,19.1
0316406813,"A Grimm Warning (The Land of Stories) Hardcover","Children's Books","Growing Up & Facts of Life",person,76.11169219017029,NULL,NULL,NULL,NULL,NULL,NULL,NULL,NULL,NULL,NULL,8.71116283777,6.41382451169,0.0,0.00253010828863,10.7276591438,0.0,0.354215160409,37.1343993523,0.0708430320818,9.06537799818,23.0695273758,4.45046047971,E,9.99
067144901X,"Moo Baa La La La Board book","Children's Books","Early Learning",NULL,NULL,NULL,NULL,NULL,NULL,NULL,NULL,NULL,NULL,NULL,NULL,3.21651400504,0.0,0.0,0.323908137528,0.325235629895,0.0,0.0199123855038,0.146024160361,0.0610646488783,0.0,8.35921943449,87.5481215983,D,3.76
0345542924,"Top Secret Twenty-One (Stephanie Plum) Hardcover","Humor & Entertainment",Humor,NULL,NULL,NULL,NULL,NULL,NULL,NULL,NULL,NULL,NULL,NULL,NULL,7.1106603561,0.0,0.107054315979,0.00845165652468,24.1125760649,0.0,0.0,0.642325895876,8.11077304485,3.57786792878,42.2188415596,14.1114491774,D,10.99
0375813659,"Magic Tree House Boxed Set, Books 1-4: Dinosaurs Before Dark, The Knight at Dawn, Mummies in the Morning, and Pirates Past Noon Paperback","Children's Books","Fairy Tales, Folk Tales & Myths",person,80.867999792099,NULL,NULL,NULL,NULL,NULL,NULL,NULL,NULL,NULL,NULL,2.16270589715,0.00251477429901,0.0,0.0,0.00502954859801,0.0,0.0,4.18961398215,0.0704136803722,0.0276625172891,49.033069282,44.5089903181,E,10.68
1419708457,"Rosie Revere, Engineer Hardcover","Children's Books","Growing Up & Facts of Life",NULL,NULL,NULL,NULL,NULL,NULL,NULL,NULL,NULL,NULL,NULL,NULL,0.183960404713,0.0394200867242,0.0,0.010220022484,0.556261223775,0.0,0.0116800256961,10.433182953,0.00438000963602,0.681821500007,11.845006059,76.2340677149,E,8.38
1477849297,"The Sworn Sword: The Graphic Novel (A Game of Thrones) Paperback","Comics & Graphic Novels","Graphic Novels",paddle,84.82166528701782,NULL,NULL,NULL,NULL,NULL,NULL,NULL,NULL,NULL,NULL,24.3652173913,0.0,0.0,0.0,0.0985507246377,0.0,0.0,1.64057971014,0.666666666667,0.0173913043478,63.9565217391,9.25507246377,E,7.11
014241543X,"If I Stay Paperback","Teen & Young Adult","Literature & Fiction",NULL,NULL,NULL,NULL,NULL,NULL,NULL,NULL,NULL,NULL,NULL,NULL,24.5938044639,0.163040422781,0.0,0.0,0.0,0.0,0.0,0.930454826559,0.140552088604,0.0,47.4082194861,26.763928712,A,4.99
0307120007,"Pat the Bunny (Touch and Feel Book) Plastic Comb","Children's Books","Early Learning",NULL,NULL,NULL,NULL,NULL,NULL,NULL,NULL,NULL,NULL,NULL,NULL,2.28364305593,0.0,0.0,0.0,0.0,0.0,0.0,0.407352545112,0.00561091659934,0.0,2.51817936978,94.7852141126,E,11.8
0143124544,"Me Before You (Me Before You Trilogy) Paperback","Literature & Fiction","Genre Fiction","stop sign",99.99969005584717,NULL,NULL,NULL,NULL,NULL,NULL,NULL,NULL,NULL,NULL,10.9536231884,66.4202898551,0.0,0.0,0.0,0.0,0.0,4.35942028986,0.124637681159,0.533333333333,2.61739130435,14.9913043478,D,6.99
0385738765,"The Scorch Trials (Maze Runner, Book 2) Paperback","Children's Books","Growing Up & Facts of Life",NULL,NULL,NULL,NULL,NULL,NULL,NULL,NULL,NULL,NULL,NULL,NULL,32.9113924051,0.0,0.0,0.0,0.0,0.0,0.0,11.7383608668,1.54741471787,1.77000643639,42.8824286634,9.15039691053,D,5.64
0142410705,"An Abundance of Katherines Paperback","Teen & Young Adult","Literature & Fiction",NULL,NULL,NULL,NULL,NULL,NULL,NULL,NULL,NULL,NULL,NULL,NULL,4.8635235732,0.115798180314,0.0,0.0,0.231596360629,0.0,0.0,0.184725668597,0.0689274882823,0.046870692032,5.97463468431,88.5139233526,D,4.99
0312367546,"A Wrinkle in Time (Time Quintet) Paperback","Children's Books","Science Fiction & Fantasy",person,80.52889704704285,NULL,NULL,NULL,NULL,NULL,NULL,NULL,NULL,NULL,NULL,45.1443772922,0.0,0.0,0.0,7.2059507206,0.0,0.0,7.74833410817,0.00258277803606,18.6605713105,19.840900873,1.39728291751,E,3.74
0060652926,"Mere Christianity Paperback","Christian Books & Bibles","Christian Living",NULL,NULL,NULL,NULL,NULL,NULL,NULL,NULL,NULL,NULL,NULL,NULL,8.02402862986,0.0,0.0,0.0,0.0357873210634,0.0,0.0,1.73312883436,0.00766871165644,32.0245398773,11.6998977505,46.4749488753,E,7.99
1607743949,"Jerusalem: A Cookbook Hardcover","Cookbooks, Food & Wine","Regional & International",NULL,NULL,NULL,NULL,NULL,NULL,NULL,NULL,NULL,NULL,NULL,NULL,29.7234392114,0.205366922234,0.0,0.0,0.0798649142023,0.0,0.0,8.39494341,0.221339905075,2.02628696605,30.9008762322,28.4478824388,E,16.14
1933107987,"Study Manual for the Test of Essential Academic Skills, Version 5: Reading, Mathematics, Science, English and Language Usage","New, Used & Rental Textbooks","Medicine & Health Sciences",person,85.8403205871582,NULL,NULL,NULL,NULL,NULL,NULL,NULL,NULL,NULL,NULL,0.414247450465,4.83787785523,0.0,0.0,14.9777903475,0.0,0.0,5.32532565839,0.148064349765,0.715367083132,34.3060107471,39.2753165083,E,25.67
159562015X,"StrengthsFinder 2.0 Hardcover","Business & Money","Management & Leadership",NULL,NULL,NULL,NULL,NULL,NULL,NULL,NULL,NULL,NULL,NULL,NULL,11.8097295267,0.0469571750563,0.0,0.0,0.0,0.0,0.0,0.694966190834,0.0633921863261,0.136175807663,2.10133358377,85.1474455297,B,14.49
0307588378,"Gone Girl Paperback","Mystery, Thriller & Suspense","Thrillers & Suspense",digital_clock,8.591384440660477,NULL,NULL,NULL,NULL,NULL,NULL,NULL,NULL,NULL,NULL,89.234124714,1.66976544622,0.0,0.0,0.0,0.0,0.0,1.36227116705,0.227045194508,0.105477688787,5.64573798627,1.7555778032,A,8.52
0307352153,"Quiet: The Power of Introverts in a World That Can't Stop Talking Paperback",Self-Help,Relationships,NULL,NULL,NULL,NULL,NULL,NULL,NULL,NULL,NULL,NULL,NULL,NULL,0.0,9.78576243369,0.0,0.0,0.0,0.0,0.0,0.325312857185,0.18170628059,0.0117229858445,87.5794964978,2.11599894493,D,2.99
032119991X,"MyMathLab: Student Access Kit For Students Edition","Science & Math",Mathematics,NULL,NULL,NULL,NULL,NULL,NULL,NULL,NULL,NULL,NULL,NULL,NULL,0.0545553737043,24.8390616476,0.0,0.392798690671,0.0,0.0,0.0,0.600109110747,0.368248772504,0.00818330605565,5.00272776869,68.7343153301,D,68.1
0399226907,"The Very Hungry Caterpillar Board book","Children's Books","Early Learning",head_cabbage,99.59104061126709,NULL,NULL,NULL,NULL,NULL,NULL,NULL,NULL,NULL,NULL,3.4652753187,1.73900053116,0.0,0.0,0.444847733711,0.0,0.0,0.651226097734,0.00940598441926,1.16136242918,33.9932276912,58.5356542139,C,3.57
0310247454,"Boundaries: When to Say Yes, How to Say No to Take Control of Your Life Paperback",Self-Help,Relationships,pencil_sharpener,79.71426844596863,knife,87.15168237686157,NULL,NULL,NULL,NULL,NULL,NULL,NULL,NULL,1.19731800766,10.7983998197,0.0,0.0,0.0,0.0,0.0,0.0507099391481,0.0478927203065,1.71286905567,8.9277665089,77.2650439486,D,7.99
0061906220,"Pete the Cat: I Love My White Shoes Hardcover","Children's Books","Growing Up & Facts of Life",giant_schnauzer,89.33609127998352,cat,83.0403208732605,NULL,NULL,NULL,NULL,NULL,NULL,NULL,NULL,7.74346343312,0.193255020841,0.0,2.203486169,73.9446760136,0.0,0.0189465706707,0.335354300872,0.699128457749,2.08033345964,5.58355437666,7.1978021978,E,9.34
0316055433,"The Goldfinch: A Novel (Pulitzer Prize for Fiction) Hardcover","Literature & Fiction","United States",NULL,NULL,NULL,NULL,NULL,NULL,NULL,NULL,NULL,NULL,NULL,NULL,3.55499545734,0.0,0.0,0.0,0.0,0.0,0.0,1.0404149937,0.211013745201,3.23847483954,24.9113449196,67.0437560447,B,6.99
0062024043,"Divergent / Insurgent Hardcover","Teen & Young Adult","Literature & Fiction",NULL,NULL,NULL,NULL,NULL,NULL,NULL,NULL,NULL,NULL,NULL,NULL,11.8276573212,0.0,0.0,0.0,0.175575497464,0.0,0.0,2.46641770247,0.0696728164539,0.0808204670866,62.8755364807,22.5043197146,C,6.99
0736431209,"Frozen: A Tale of Two Sisters Paperback","Children's Books","Literature & Fiction",NULL,NULL,NULL,NULL,NULL,NULL,NULL,NULL,NULL,NULL,NULL,NULL,3.54801900061,0.0,0.0,0.01592229918,0.0,0.0,0.7165034631,0.56258790436,8.18140806199,3.17119125335,65.0266698511,18.7776981663,D,2.53
0345472322,"Mindset: The New Psychology of Success Paperback","Health, Fitness & Dieting","Psychology & Counseling",NULL,NULL,NULL,NULL,NULL,NULL,NULL,NULL,NULL,NULL,NULL,NULL,5.6768558952,0.0,0.0,1.26901321767,0.0,0.0,0.0,0.00293074646112,0.0967146332171,0.00293074646112,4.74780926702,88.203745494,D,8.99
1465414053,"Ultimate Sticker Book: Frozen (Ultimate Sticker Books) Paperback","Children's Books","Growing Up & Facts of Life",person,93.39093565940857,dog,83.5528314113617,NULL,NULL,NULL,NULL,NULL,NULL,NULL,NULL,3.80636716771,0.0422225975342,0.0,0.0,0.0,0.0,0.050667117041,0.95000844452,3.43058604965,0.0168890390137,22.7558689411,68.9473906435,B,6.29
0061992259,"The One and Only Ivan Hardcover","Children's Books","Growing Up & Facts of Life","teddy bear",86.06978058815002,NULL,NULL,NULL,NULL,NULL,NULL,NULL,NULL,NULL,NULL,43.6040195546,0.0,0.0,0.0,0.0,0.0,0.0290990921083,1.56165127648,0.0969969736944,0.0,48.0639404051,6.64429269807,D,7.99
0763642649,"Guess How Much I Love You Board book","Children's Books",Animals,dog,93.7380313873291,NULL,NULL,NULL,NULL,NULL,NULL,NULL,NULL,NULL,NULL,1.86982725101,0.0,0.0,0.00347164361495,0.983169471755,0.0,0.773482197412,0.498528023107,0.0166638893518,2.37182691774,9.44634227629,84.0366883297,D,10.75
1936608588,"Becoming a Supple Leopard: The Ultimate Guide to Resolving Pain, Preventing Injury, and Optimizing Athletic Performance Hardcover","Health, Fitness & Dieting","Exercise & Fitness",scissors,87.9437267780304,NULL,NULL,NULL,NULL,NULL,NULL,NULL,NULL,NULL,NULL,17.442687747,0.0,0.0,0.0,0.0,0.0,0.0,0.154150197628,0.490118577075,0.0,13.5019762846,68.4110671937,E,35.0
1426307934,"National Geographic Little Kids First Big Book of Why (National Geographic Little Kids First Big Books) Hardcover","Children's Books","Education & Reference",clock,95.70441842079163,NULL,NULL,NULL,NULL,NULL,NULL,NULL,NULL,NULL,NULL,2.86933980213,0.686120624049,0.00118911719939,0.967941400304,31.5793854642,0.400732496195,9.12409627093,1.87761605784,4.58166856925,8.71266171994,26.3353786149,12.863869863,E,8.49
0393317552,"Guns, Germs, and Steel: The Fates of Human Societies 1st Edition",History,World,NULL,NULL,NULL,NULL,NULL,NULL,NULL,NULL,NULL,NULL,NULL,NULL,20.258726647,0.0,0.0,0.0,1.01093903638,0.0,0.0,5.5494100295,0.0153638151426,2.85766961652,30.7645034415,39.543387414,E,10.7
0399230033,"Good Night, Gorilla Board book","Children's Books","Growing Up & Facts of Life",person,90.57904481887817,NULL,NULL,NULL,NULL,NULL,NULL,NULL,NULL,NULL,NULL,5.27965103161,0.386071347991,0.0,0.344079821505,1.79623455088,0.0,1.66837975382,0.987740981223,10.1375065808,0.831056180902,55.0997768808,23.4695028705,E,4.64
0553296981,"Anne Frank: The Diary of a Young Girl Mass Market Paperback","Biographies & Memoirs",Historical,person,95.94122767448425,NULL,NULL,NULL,NULL,NULL,NULL,NULL,NULL,NULL,NULL,7.97487396325,0.0,0.0,0.0,0.0,0.0,0.0,53.6327045048,0.0731826313222,0.0,20.682224752,17.6370141486,E,3.44
1416971718,"Out of My Mind Paperback","Children's Books","Growing Up & Facts of Life",kite,81.2214732170105,NULL,NULL,NULL,NULL,NULL,NULL,NULL,NULL,NULL,NULL,0.0,0.13799325956,0.0,0.0,0.00796114959,0.0,4.29105962901,0.0,0.0,0.49889870764,54.1543932277,40.9096940265,E,5.93
1250012570,"Eleanor & Park Hardcover","Teen & Young Adult","Literature & Fiction",NULL,NULL,NULL,NULL,NULL,NULL,NULL,NULL,NULL,NULL,NULL,NULL,1.44164759725,0.317505720824,0.0,0.0,0.0,0.0,0.160183066362,0.200228832952,0.0,1.07837528604,2.21967963387,94.5823798627,E,4.99
0140280197,"The 48 Laws of Power Paperback","Politics & Social Sciences","Politics & Government",NULL,NULL,NULL,NULL,NULL,NULL,NULL,NULL,NULL,NULL,NULL,NULL,2.0126705653,61.4449317739,0.0,1.59844054581,0.0,0.0,0.0,0.0438596491228,30.589668616,2.7850877193,1.50341130604,0.0219298245614,E,11.99
0385523394,"Orange Is the New Black: My Year in a Women's Prison Paperback","Biographies & Memoirs","Regional U.S.",NULL,NULL,NULL,NULL,NULL,NULL,NULL,NULL,NULL,NULL,NULL,NULL,54.6264605217,6.49415791337,0.0,0.0,0.0,0.0,0.0,11.8021952083,0.038357134427,16.1188481057,8.35595420748,2.56402690901,D,5.99
0062345214,"Four: A Divergent Collection Hardcover","Teen & Young Adult","Literature & Fiction",analog_clock,8.028969913721085,clock,96.3483452796936,NULL,NULL,NULL,NULL,NULL,NULL,NULL,NULL,58.547008547,0.00555000555001,0.0,0.0,0.2886002886,0.0,0.0,6.76268176268,6.17993117993,1.11000111,22.8882228882,4.218004218,B,9.99
0761152121,"What to Expect the First Year, Second Edition Paperback","Health, Fitness & Dieting","Women's Health",person,93.43475699424744,NULL,NULL,NULL,NULL,NULL,NULL,NULL,NULL,NULL,NULL,4.42992213571,0.0194660734149,0.0,0.233592880979,0.0083426028921,0.0,0.0,0.853726362625,3.42046718576,0.0250278086763,18.946051168,72.063403782,E,9.12
1609580427,"The Care and Keeping of You 2: The Body Book for Older Girls Paperback","Children's Books","Growing Up & Facts of Life",NULL,NULL,NULL,NULL,NULL,NULL,NULL,NULL,NULL,NULL,NULL,NULL,2.98199654423,0.0,0.0,0.0,3.28019619865,0.00836073797447,0.0,0.808204670866,6.8335098378,0.306560392397,23.3933448526,62.3878267655,D,7.03
1451666179,"Hyperbole and a Half: Unfortunate Situations, Flawed Coping Mechanisms, Mayhem, and Other Things That Happened Paperback","Comics & Graphic Novels","Graphic Novels",NULL,NULL,NULL,NULL,NULL,NULL,NULL,NULL,NULL,NULL,NULL,NULL,12.7481655822,0.0,0.0,0.0,39.0751765195,0.00553786515298,0.0,0.340578706908,6.10272739859,4.54104942545,3.21749965388,33.9692648484,E,6.99
0470550473,"Teach Like a Champion: 49 Techniques that Put Students on the Path to College 1st Edition","New, Used & Rental Textbooks",Education,NULL,NULL,NULL,NULL,NULL,NULL,NULL,NULL,NULL,NULL,NULL,NULL,19.2698483331,6.31698001261,0.0,0.0241035339489,0.0352282419253,0.0,0.00370823599214,7.51659435606,0.170578855638,3.49686654059,27.7023769793,35.4637149108,E,16.34
1591846447,"Start with Why: How Great Leaders Inspire Everyone to Take Action Paperback","Business & Money",Industries,NULL,NULL,NULL,NULL,NULL,NULL,NULL,NULL,NULL,NULL,NULL,NULL,2.18637992832,1.54121863799,0.0,0.0,0.0,0.0,0.0,0.192996967191,0.00551419906259,40.9787703336,4.12186379928,50.9732561345,E,7.99
0312510780,"First 100 Words Hardcover","Children's Books","Education & Reference",dog,99.95635151863098,cat,99.30985569953918,car,91.78858399391174,NULL,NULL,NULL,NULL,NULL,NULL,5.61958366836,6.30155752107,0.0,0.623901843414,8.79865392061,0.00744512939635,4.49536912952,1.85979332321,0.299294201733,13.2121266268,37.9165549897,20.8657196462,D,5.39
020530902X,"The Elements of Style, Fourth Edition 4th Edition",Reference,"Writing, Research & Publishing Guides",NULL,NULL,NULL,NULL,NULL,NULL,NULL,NULL,NULL,NULL,NULL,NULL,9.81500513875,0.0,0.0,0.0,0.0,0.0,0.0,4.2780061665,0.202338129496,0.0,75.8414696814,9.86318088386,D,6.92
1594746036,"Miss Peregrine's Home for Peculiar Children (Miss Peregrine's Peculiar Children) Paperback","Teen & Young Adult","Literature & Fiction",person,99.44992065429688,NULL,NULL,NULL,NULL,NULL,NULL,NULL,NULL,NULL,NULL,16.3280757098,0.0,0.0,0.0,0.0,0.0,0.0,1.57728706625,0.00315457413249,0.0,75.9242902208,6.16719242902,E,3.99
0375842209,"The Book Thief Paperback","Children's Books","Growing Up & Facts of Life",combination_lock,9.283006191253662,doormat,9.873020648956299,NULL,NULL,NULL,NULL,NULL,NULL,NULL,NULL,58.258586097,0.377670246666,0.0,0.0,0.138675793698,0.0,0.0,16.7060073174,0.109170305677,9.49486604508,5.81258114009,9.10244305441,C,6.99
0307341550,"Sharp Objects Paperback","Mystery, Thriller & Suspense","Thrillers & Suspense",digital_clock,9.373600780963898,clock,78.49770188331604,NULL,NULL,NULL,NULL,NULL,NULL,NULL,NULL,92.0170563769,0.0,0.0,0.0,0.006990318409,0.0,0.0,0.0122330572158,0.00524273880675,0.0,6.61109363532,1.34738387334,E,7.91
098478280X,"Cracking the Coding Interview: 150 Programming Questions and Solutions 5th Revised & enlarged Edition","Computers & Technology",Programming,NULL,NULL,NULL,NULL,NULL,NULL,NULL,NULL,NULL,NULL,NULL,NULL,0.0986193293886,0.00273942581635,0.0,0.0,0.0054788516327,0.0,0.0,0.2849002849,0.0054788516327,1.63817663818,13.7245233399,84.2400832785,E,22.99
0399167064,"Big Little Lies Hardcover","Mystery, Thriller & Suspense","Thrillers & Suspense",shower_cap,9.982144832611084,NULL,NULL,NULL,NULL,NULL,NULL,NULL,NULL,NULL,NULL,4.65135722646,0.117050331643,0.0696728164539,0.00278691265816,1.48821135946,0.00278691265816,0.420823811382,0.144919458224,2.80084722145,0.0557382531631,42.9909146647,47.2548910317,E,10.99
0761148574,"What to Expect When You're Expecting Paperback","Health, Fitness & Dieting","Women's Health",person,96.40570878982544,NULL,NULL,NULL,NULL,NULL,NULL,NULL,NULL,NULL,NULL,6.92287234043,0.093085106383,0.0,0.247340425532,1.14893617021,0.0,0.0,3.68085106383,0.321808510638,2.53191489362,30.9654255319,54.0877659574,D,8.41
0307887898,"The Lean Startup: How Today's Entrepreneurs Use Continuous Innovation to Create Radically Successful Businesses Hardcover","Business & Money","Management & Leadership",NULL,NULL,NULL,NULL,NULL,NULL,NULL,NULL,NULL,NULL,NULL,NULL,4.27072927073,0.0,0.0,46.5811965812,0.21645021645,0.0,4.31235431235,0.047175047175,0.002775002775,0.13875013875,17.4741924742,26.9563769564,E,10.99
0307465357,"The 4-Hour Workweek: Escape 9-5, Live Anywhere, and Join the New Rich Hardcover","Business & Money","Business Culture",NULL,NULL,NULL,NULL,NULL,NULL,NULL,NULL,NULL,NULL,NULL,NULL,0.00272776868522,29.6290234588,0.0,3.44517184943,1.48117839607,0.0,0.150027277687,1.14566284779,0.57010365521,47.3895253682,6.20840152755,9.97817785052,E,10.99
0374533555,"Thinking, Fast and Slow Paperback","Business & Money","Management & Leadership",quill,9.098419547080994,NULL,NULL,NULL,NULL,NULL,NULL,NULL,NULL,NULL,NULL,1.70301198316,0.00269890964051,0.0,0.0,0.37514844003,0.0,0.0,0.113354204901,0.00539781928101,0.647738313721,3.81895714131,93.333693188,D,2.99
0061900621,"I'm a Big Sister Hardcover","Children's Books","Growing Up & Facts of Life",bucket,83.07743072509766,neck_brace,8.929314464330673,NULL,NULL,NULL,NULL,NULL,NULL,NULL,NULL,0.039013732834,0.0,0.0,0.0,0.0,0.0109238451935,0.0,1.88670411985,3.96847690387,0.0124843945069,15.9441323346,78.1382646692,D,4.02
1595231129,"One Nation: What We Can All Do to Save America's Future Hardcover","Politics & Social Sciences","Politics & Government",military_uniform,9.339317679405212,suit,9.127923846244812,person,99.97606873512268,NULL,NULL,NULL,NULL,NULL,NULL,15.2614015573,0.0,0.0,0.0,0.0111234705228,0.0,0.0,10.7897664071,0.0361512791991,2.09677419355,22.6195773081,49.1852057842,D,10.99
0803736800,"Dragons Love Tacos Hardcover","Children's Books","Fairy Tales, Folk Tales & Myths",NULL,NULL,NULL,NULL,NULL,NULL,NULL,NULL,NULL,NULL,NULL,NULL,0.0759548611111,0.0590760030864,0.0,0.0108506944444,2.44140625,0.0,0.125385802469,1.41661844136,0.632957175926,4.14737654321,28.5433545525,62.5470196759,D,8.97
0345514408,"I Know Why the Caged Bird Sings Mass Market Paperback","Literature & Fiction",Poetry,NULL,NULL,NULL,NULL,NULL,NULL,NULL,NULL,NULL,NULL,NULL,NULL,11.7151497696,0.0,0.0,0.0,0.0,0.0,0.0,0.172811059908,2.50576036866,0.0,81.7720334101,3.83424539171,D,3.99
1936608367,"Against All Grain: Delectable Paleo Recipes to Eat Well & Feel Great Paperback","Cookbooks, Food & Wine","Special Diet",burrito,8.591146022081375,person,93.5352087020874,"potted plant",86.17865443229675,bowl,84.64142084121704,"dining table",77.90424227714539,NULL,NULL,2.2908383104,1.39080670116,0.0,0.0,0.0865095077276,0.0,0.0,14.9977540801,0.207955547422,2.32411119799,27.1889400922,51.513084563,D,9.99
0976423316,"The First Days of School: How to Be an Effective Teacher (Book & DVD) 4th Edition","New, Used & Rental Textbooks","Business & Finance",person,76.23341679573059,NULL,NULL,NULL,NULL,NULL,NULL,NULL,NULL,NULL,NULL,3.30159420383,0.0,0.0,0.0,0.0,0.0,0.0984786959886,0.0,0.0,0.0,29.7386477724,66.8612793278,D,17.0
076967559X,"Brighter Child® Handwriting: Printing (Brighter Child Workbooks) Paperback","Children's Books","Education & Reference",apple,93.04654002189636,car,85.69445610046387,NULL,NULL,NULL,NULL,NULL,NULL,NULL,NULL,3.53398536448,0.686039966226,0.0,0.00527723050943,5.93336616943,0.00175907683648,13.1174359696,1.55150576977,0.522445820433,32.7293836195,14.9292851112,26.9895159021,D,2.25
1476710791,"Wayfaring Stranger: A Novel (A Holland Family Novel) Hardcover","Mystery, Thriller & Suspense","Thrillers & Suspense",NULL,NULL,NULL,NULL,NULL,NULL,NULL,NULL,NULL,NULL,NULL,NULL,5.94874748056,0.0,0.0,2.78433630867,17.3279585373,0.0,0.0,10.1641232364,0.00575871004895,60.7687877915,2.93694212496,0.0633458105384,E,9.99
006202406X,"Allegiant Hardcover","Teen & Young Adult","Literature & Fiction",NULL,NULL,NULL,NULL,NULL,NULL,NULL,NULL,NULL,NULL,NULL,NULL,0.015088645794,0.00754432289702,0.0,0.0,0.990821073809,0.0,0.0,13.4389538539,0.0,19.3335848108,48.889727147,17.3242801459,D,6.99
031632406X,"Lone Survivor: The Eyewitness Account of Operation Redwing and the Lost Heroes of SEAL Team 10 Mass Market Paperback","Biographies & Memoirs","Leaders & Notable People",NULL,NULL,NULL,NULL,NULL,NULL,NULL,NULL,NULL,NULL,NULL,NULL,65.4690137449,0.0934410417169,0.0,0.0,0.0,0.0,0.0,4.20484687726,0.0512418615867,2.15517241379,14.4924041476,13.5338799132,E,7.99
1416994157,"Locomotive (Caldecott Medal Book) Hardcover","Children's Books",History,chime,8.834603428840637,clock,91.68699979782104,NULL,NULL,NULL,NULL,NULL,NULL,NULL,NULL,4.77409801169,0.0,0.0,0.0,0.842215675084,0.0,0.0,3.95502012988,0.0154251955144,1.58262505977,47.9507627759,40.8798531521,E,9.62
1889392448,"Baby Bargains: Secrets to Saving 20% to 50% on baby furniture, gear, clothes, strollers, maternity wear and much, much more! Paperback","Parenting & Relationships",Parenting,person,89.88915681838989,NULL,NULL,NULL,NULL,NULL,NULL,NULL,NULL,NULL,NULL,0.372461381636,3.62659766329,0.145063906532,0.0156825844899,9.43699521681,0.0,0.0,0.674351133067,0.59985885674,6.57884419352,31.2083431349,47.341801929,E,8.02
1846432766,"My New Baby Board book","Children's Books","Growing Up & Facts of Life",NULL,NULL,NULL,NULL,NULL,NULL,NULL,NULL,NULL,NULL,NULL,NULL,2.31972822853,0.112824836342,0.24424717318,0.0,0.618676849831,0.0,4.32081928189,0.742660186471,0.73274151954,21.1416385638,42.7407756398,27.0258877207,E,2.89
0316204366,"David and Goliath: Underdogs, Misfits, and the Art of Battling Giants Hardcover","Health, Fitness & Dieting","Psychology & Counseling",conch,82.12156891822815,NULL,NULL,NULL,NULL,NULL,NULL,NULL,NULL,NULL,NULL,0.330433128893,0.0,0.0,0.0,0.0,0.0,0.0,1.53092758998,0.0,0.0594304188656,7.23387058432,90.8453382779,D,14.99
0393244660,"Flash Boys Hardcover",History,Americas,dog,88.53271007537842,horse,99.2760419845581,NULL,NULL,NULL,NULL,NULL,NULL,NULL,NULL,2.24532341672,86.1984448952,0.0,0.0,0.0,0.0,0.0,1.89317106153,0.290173540681,0.453572233491,2.29603335587,6.62328149651,D,14.16
145161778X,"All Fall Down: A Novel Hardcover","Literature & Fiction","Genre Fiction",NULL,NULL,NULL,NULL,NULL,NULL,NULL,NULL,NULL,NULL,NULL,NULL,0.225739925311,0.0,0.0,2.53887743158,0.0,0.0,16.476227635,0.0,1.77247645059,0.0,24.0120394627,54.9746390948,E,10.99
1931636869,"A Bad Case of Tattle Tongue Paperback","Children's Books","Growing Up & Facts of Life",NULL,NULL,NULL,NULL,NULL,NULL,NULL,NULL,NULL,NULL,NULL,NULL,4.92155706705,0.765016321307,0.0,12.6393063085,8.05783638429,0.0,15.678520585,4.48080988194,1.04542643908,7.93776333386,21.3255489567,23.1482147223,E,5.77
1594205191,"The Mockingbird Next Door: Life with Harper Lee Hardcover","Literature & Fiction","History & Criticism",swing,98.09694290161133,person,81.99194073677063,NULL,NULL,NULL,NULL,NULL,NULL,NULL,NULL,11.0504201681,0.0131302521008,0.0,0.0,2.4737394958,0.0,0.0,11.6386554622,0.0367647058824,11.6859243697,8.27993697479,54.8214285714,D,11.99
0671027034,"How to Win Friends &amp; Influence People",,,NULL,NULL,NULL,NULL,NULL,NULL,NULL,NULL,NULL,NULL,NULL,NULL,0.00311604138103,2.1189081391,0.0,0.0,0.00934812414309,0.0,1.10619469027,26.1653994765,1.1498192696,0.735385765923,4.43412688521,64.2777016079,D,2.99
0553381466,"The Happiest Baby on the Block Paperback","Parenting & Relationships",Parenting,diaper,95.56766152381897,person,95.96680402755737,NULL,NULL,NULL,NULL,NULL,NULL,NULL,NULL,0.752864157119,3.30060010911,0.0,0.0,0.0,0.0,0.00818330605565,1.26568466994,1.29841789416,0.0791052918712,13.9907255865,79.3044189853,D,8.99
0763660531,"Journey Hardcover","Children's Books","Growing Up & Facts of Life",person,97.40934371948242,kite,89.1032338142395,boat,97.6565957069397,NULL,NULL,NULL,NULL,NULL,NULL,1.97796983075,0.556506233733,0.0,0.0,0.0194130081535,0.0,0.00862800362376,1.84279777398,0.122230051337,0.0,49.8741749472,45.5982801513,E,9.55
1423190874,"The Pigeon Needs a Bath! Hardcover","Children's Books",Animals,NULL,NULL,NULL,NULL,NULL,NULL,NULL,NULL,NULL,NULL,NULL,NULL,4.42678087495,0.0,0.0,0.0,0.00120983352691,0.0,0.0,0.383517228029,0.00241966705381,0.0,55.1466318235,40.039440573,E,10.72
074324754X,"The Glass Castle: A Memoir Paperback","Biographies & Memoirs","Arts & Literature",person,98.63601326942444,"baseball glove",85.53795218467712,NULL,NULL,NULL,NULL,NULL,NULL,NULL,NULL,15.0580696836,0.0,0.0,0.0,0.0,0.0,0.0,0.0,0.00616123964142,0.0,2.75407411971,82.181694957,D,8.99
0142000280,"Getting Things Done: The Art of Stress-Free Productivity Paperback","Business & Money",Skills,suit,8.999361842870712,person,94.78283524513245,tie,89.19765949249268,NULL,NULL,NULL,NULL,NULL,NULL,25.4559873117,0.0,0.0,0.00660851176315,0.0,0.0,0.0,1.62404176579,0.130518107322,0.0495638382236,32.953343907,39.7799365583,E,8.99
0316322407,"I Am Malala: The Girl Who Stood Up for Education and Was Shot by the Taliban Hardcover","Politics & Social Sciences","Politics & Government",person,99.96646642684937,NULL,NULL,NULL,NULL,NULL,NULL,NULL,NULL,NULL,NULL,6.00549282881,14.806225206,0.0,0.0,0.247177296308,0.146475434849,0.0,17.4214220323,15.0503509307,6.58223985352,34.5834604821,5.15715593531,E,12.99
1936608758,"Practical Paleo: A Customized Approach to Health and a Whole-Foods Lifestyle Paperback","Cookbooks, Food & Wine","Special Diet",person,96.46096229553223,NULL,NULL,NULL,NULL,NULL,NULL,NULL,NULL,NULL,NULL,12.9685340272,21.3757216034,0.0,0.0,0.158549475567,0.0,0.00203268558419,5.44353199447,0.467517684365,1.25619969103,38.1352142451,20.1926985934,E,9.99
0307119424,"The New Baby Paperback","Children's Books",Animals,NULL,NULL,NULL,NULL,NULL,NULL,NULL,NULL,NULL,NULL,NULL,NULL,4.49574138599,0.00120983352691,0.52022841657,0.0,1.85225512969,0.0,0.487562911343,2.17649051491,0.130662020906,7.71631823461,15.8766453736,66.7428861789,E,12.19
0062278789,"Divergent / Insurgent / Allegiant Hardcover","Teen & Young Adult","Literature & Fiction",cassette,95.58494091033936,NULL,NULL,NULL,NULL,NULL,NULL,NULL,NULL,NULL,NULL,6.26202288144,1.18457021363,0.0,0.0,0.73909081705,0.0,0.0,17.6394654247,0.458135061253,6.54550977017,17.5230333097,49.648172522,E,14.99
0671449028,"The Going-To-Bed Book Board book","Children's Books","Early Learning",can_opener,9.871914237737656,NULL,NULL,NULL,NULL,NULL,NULL,NULL,NULL,NULL,NULL,1.13417916186,0.013216070742,0.0,17.4295943868,1.76374471357,0.0,0.0,0.415705497885,0.829008073818,0.551470588235,55.3561130334,22.5069684737,D,3.25
0307476073,"Wild: From Lost to Found on the Pacific Crest Trail Paperback",Travel,"United States",NULL,NULL,NULL,NULL,NULL,NULL,NULL,NULL,NULL,NULL,NULL,NULL,5.42744479495,0.279179810726,0.0,0.0,0.0,0.0,0.0,2.78548895899,0.111987381703,0.417981072555,13.9542586751,77.023659306,D,6.99
0060838655,"A People's History of the United States","New, Used & Rental Textbooks",Humanities,NULL,NULL,NULL,NULL,NULL,NULL,NULL,NULL,NULL,NULL,NULL,NULL,0.155482815057,4.82542280415,0.0,0.616475722859,0.0,0.0,0.00272776868522,0.144571740316,0.0490998363339,0.818330605565,8.05782869613,85.3300600109,E,12.83
0679805273,"Oh, the Places You'll Go! Hardcover","Children's Books","Literature & Fiction",NULL,NULL,NULL,NULL,NULL,NULL,NULL,NULL,NULL,NULL,NULL,NULL,1.2041773231,0.0,0.0,0.0,7.21014492754,0.0,2.45950554135,0.662830349531,0.0383631713555,0.398550724638,16.4045183291,71.6219096334,D,3.99
0859537285,"Head, Shoulders, Knees and Toes... Board book","Children's Books","Early Learning","teddy bear",79.93104457855225,NULL,NULL,NULL,NULL,NULL,NULL,NULL,NULL,NULL,NULL,0.802203065134,0.0,0.0,0.0,0.00119731800766,0.0,0.0,4.61685823755,0.466954022989,48.3429118774,45.4190613027,0.350814176245,D,2.89
1889140430,"1-2-3 Magic: Effective Discipline for Children 212 Paperback","Parenting & Relationships",Parenting,Crock_Pot,8.266223222017288,person,77.78261303901672,NULL,NULL,NULL,NULL,NULL,NULL,NULL,NULL,3.48695652174,3.03768115942,0.0,18.2231884058,0.823188405797,0.0,12.5594202899,1.94782608696,0.194202898551,3.2115942029,22.6289855072,33.8869565217,E,7.69
0671493183,"Doggies (Boynton on Board)","Children's Books","Early Learning",horse,90.87008833885193,NULL,NULL,NULL,NULL,NULL,NULL,NULL,NULL,NULL,NULL,2.50798490128,0.0,0.0,0.0,0.0,0.0,0.0,0.198412698413,0.60612659698,0.0435540069686,83.0962059621,13.5477158343,E,3.3
0060850523,"Brave New World Paperback","Science Fiction & Fantasy","Science Fiction",wall_clock,9.390964359045029,person,98.04533123970032,NULL,NULL,NULL,NULL,NULL,NULL,NULL,NULL,12.8070768537,0.0,0.0,0.0,0.0,0.0,0.0,0.0,0.0,0.0,8.96439035384,78.2285327924,D,5.12
1621573133,"Blood Feud: The Clintons vs. the Obamas Hardcover","Biographies & Memoirs","Leaders & Notable People",street_sign,9.34031680226326,person,83.47650170326233,tie,76.81686878204346,NULL,NULL,NULL,NULL,NULL,NULL,13.4552143136,0.7859093696,0.0,0.0,2.23510395184,0.0,0.0,23.9395797336,0.459840588596,0.236887575943,31.5394905524,27.3479739145,D,14.99
1936608898,"It Starts with Food: Discover the Whole30 and Change Your Life in Unexpected Ways Hardcover","Health, Fitness & Dieting","Diets & Weight Loss",NULL,NULL,NULL,NULL,NULL,NULL,NULL,NULL,NULL,NULL,NULL,NULL,18.8354835581,0.0,0.0,0.0,0.0,0.0,0.0,0.257056940537,10.599961199,0.0,40.1954602774,30.112038025,E,9.99
0312511078,"My Big Animal Book (My Big Board Books) Board book","Children's Books",Animals,bolo_tie,9.965252876281738,Weimaraner,9.807762503623962,zebra,99.9102234840393,dog,97.88138270378113,elephant,95.12760639190674,cat,97.56951928138733,8.54930316915,0.558419243986,0.0,0.00715922107675,6.34426307751,0.00477281405116,4.09865406644,2.64294578083,0.791093928981,6.20227185949,27.101231386,43.6998854525,D,4.54
1897238452,"The Conscious Parent: Transforming Ourselves, Empowering Our Children Paperback","Parenting & Relationships",Parenting,abacus,9.870943427085876,NULL,NULL,NULL,NULL,NULL,NULL,NULL,NULL,NULL,NULL,0.91818591938,0.15391555874,0.0,0.0,0.03184459836,0.0,0.0,2.15481782236,0.05838176366,8.56354324231,9.51092004352,78.6083910517,D,9.95
0307387895,"The Road Paperback","Literature & Fiction",Contemporary,NULL,NULL,NULL,NULL,NULL,NULL,NULL,NULL,NULL,NULL,NULL,NULL,85.1487538471,0.0,0.0,0.0,0.0,0.0,0.0,2.51040975198,0.0090519582403,0.0,4.56218695311,7.76959748959,E,7.99
1603290249,"MLA Handbook for Writers of Research Papers, 7th Edition 7th Edition",Reference,"Writing, Research & Publishing Guides",NULL,NULL,NULL,NULL,NULL,NULL,NULL,NULL,NULL,NULL,NULL,NULL,0.0,0.651936715767,0.0,0.00272776868522,0.00272776868522,0.0,0.0218221494817,0.0572831423895,1.23022367703,3.60883797054,90.6301145663,3.79432624113,E,19.85
0689835604,"Where Is Baby's Belly Button? A Lift-the-Flap Book Board book","Children's Books","Science, Nature & How It Works",rule,99.61689114570618,NULL,NULL,NULL,NULL,NULL,NULL,NULL,NULL,NULL,NULL,0.0168976005407,6.47638944361,0.0768072751851,0.0230421825555,2.04000122892,0.00460843651111,1.2458140035,1.19204891087,0.87560293711,17.0373897816,30.8888137884,40.1225844112,E,5.39
0802473156,"The 5 Love Languages: The Secret to Love That Lasts Paperback",Self-Help,Relationships,person,90.40578603744507,NULL,NULL,NULL,NULL,NULL,NULL,NULL,NULL,NULL,NULL,0.265371653,0.0,0.0,0.0,0.0,0.0,0.0,2.09112862564,5.88859698007,0.0,77.0294297163,14.725473025,C,9.19
0736431195,"Big Snowman, Little Snowman (Disney Frozen) (Step into Reading) Paperback","Children's Books","Literature & Fiction",candle,8.677679300308228,NULL,NULL,NULL,NULL,NULL,NULL,NULL,NULL,NULL,NULL,5.86203173918,0.113354204901,0.0,2.16722444133,0.0,0.0,1.12274641045,3.94580589442,6.34513656483,1.40073410342,40.2218503724,38.821116269,E,2.68
1451695195,"Proof of Heaven: A Neurosurgeon's Journey into the Afterlife Paperback","Medical Books",Medicine,NULL,NULL,NULL,NULL,NULL,NULL,NULL,NULL,NULL,NULL,NULL,NULL,0.681003584229,0.0,0.0,0.0385993934381,0.00275709953129,0.0,0.311552247036,0.38323683485,0.0496277915633,6.89550592776,6.95891921698,84.6787979046,D,7.99
0062024035,"Divergent Paperback","Teen & Young Adult","Literature & Fiction",NULL,NULL,NULL,NULL,NULL,NULL,NULL,NULL,NULL,NULL,NULL,NULL,29.3378800796,0.0312588803637,0.0,0.0,4.16027280477,0.0,0.0,4.37908496732,0.272804774084,6.32566069906,47.7550440466,7.73799374822,D,4.99
1455727555,"Saunders Comprehensive Review for the NCLEX-RN Examination (Saunders Comprehensive Review for NCLEX-RN) 6th Edition","New, Used & Rental Textbooks","Medicine & Health Sciences",NULL,NULL,NULL,NULL,NULL,NULL,NULL,NULL,NULL,NULL,NULL,NULL,1.62707997853,2.50100644122,0.0,0.0,0.194578636608,0.0,5.66123188406,0.0956119162641,30.1194310252,1.22282608696,29.9030461621,28.675187869,D,27.4
0385344430,"Written in My Own Heart's Blood (Outlander) Hardcover","Literature & Fiction","Genre Fiction",basketball,88.81996870040894,"sports ball",78.9472758769989,NULL,NULL,NULL,NULL,NULL,NULL,NULL,NULL,1.79738562092,0.405679513185,0.0,0.0,0.0,0.0,0.0,6.69371196755,0.16339869281,0.177484787018,3.61730899256,87.145030426,D,11.99
0890425558,"Diagnostic and Statistical Manual of Mental Disorders, 5th Edition: DSM-5 5th Edition","New, Used & Rental Textbooks","Medicine & Health Sciences",NULL,NULL,NULL,NULL,NULL,NULL,NULL,NULL,NULL,NULL,NULL,NULL,3.49800399202,0.0,0.0,0.0,0.0,0.0,0.0,0.0948103792415,65.1322355289,0.0,7.7869261477,23.4880239521,D,23.99
0142420891,"Where She Went Paperback","Teen & Young Adult","Literature & Fiction",bikini,82.36988186836243,person,92.7778422832489,NULL,NULL,NULL,NULL,NULL,NULL,NULL,NULL,20.2591380251,0.0,0.0,0.0,0.0,0.0,0.0,1.88761593017,0.0954719039825,0.0,60.9683578833,16.7894162575,D,4.99
